id,country,iso3,latitude,longitude,centroid,role,displacement_type,qualifier,figure,displacement_date,displacement_start_date,displacement_end_date,year,event_id,event_name,event_codes,event_code_types,event_start_date,event_end_date,category,subcategory,type,subtype,old_id,sources,source_url,locations_name,locations_coordinates,locations_accuracy,locations_type,displacement_occurred,created_at,description,link,combined_type
,#country+name,#country+iso3,#geo+lat,#geo+lon,,,#event+displacement_type,#total,#affected+displaced,#date+displacement,#date+displacement+start,#date+displacement+end,#date+year,,#event+name,,,#date+event+start,#date+event+end,,,#event+type,#event+subtype,,,,,,,,,#date+created,#description,#meta+url,#cause
207619,Sudan,SDN,13.30913,25.517651,"[13.30913, 25.517651]",Triangulation,Conflict,approximately,100537,2025-11-17,2025-10-26,2025-11-17,2025,30948,Sudan: Non-International armed conflict (NIAC) - Countrywide - 2025,,,2025-01-01,2025-12-31,,,,,,IOM Displacement Tracking Matrix (IOM DTM),https://mailchi.mp/iom/dtm-sudan-flash-alert-al-fasher-al-fasher-town-north-darfur-update-111?e=b699c75958,"Al Fasher, North Darfur State, Sudan","13.30913, 25.517651",District/Zone/Department (ADM2),Origin,Displacement without preventive evacuations reported,2025-11-17T14:30:01.819563Z,"Sudan: 100,537 displacements, 26 October - 17 November. Approximately 100537 people were displaced due to non-international armed conflict (niac) between 26 October and 17 November in Al Fasher, North Darfur State, Sudan, according to IOM Displacement Tracking Matrix (IOM DTM).",https://mailchi.mp/iom/dtm-sudan-flash-alert-al-fasher-al-fasher-town-north-darfur-update-111?e=b699c75958,Conflict
208503,Sudan,SDN,14.41693,29.46837,"[14.41693, 29.46837]",Triangulation,Conflict,total,39725,2025-11-18,2025-10-25,2025-11-18,2025,30948,Sudan: Non-International armed conflict (NIAC) - Countrywide - 2025,,,2025-01-01,2025-12-31,,,,,,IOM Displacement Tracking Matrix (IOM DTM),https://dtm.iom.int/reports/focused-flash-alert-north-kordofan-update-1?close=true,"North Kordofan State, Sudan","14.41693, 29.46837",State/Region/Province (ADM1),Origin,Displacement without preventive evacuations reported,2025-11-27T13:27:44.618033Z,"Sudan: 39,725 displacements, 25 October - 18 November. A total of 39725 people were displaced due to non-international armed conflict (niac) between 25 October and 18 November in North Kordofan State, Sudan, according to IOM Displacement Tracking Matrix (IOM DTM).",https://dtm.iom.int/reports/focused-flash-alert-north-kordofan-update-1?close=true,Conflict
193884,Sudan,SDN,15.93796,33.13726,"[15.93796, 33.13726]",Recommended figure,Disaster,approximately,7068,2025-09-30,2025-09-30,2025-09-30,2025,33355,Sudan: Flood - Khartoum (Bahri) - 30/09/2025,,,2025-09-30,2025-09-30,Weather related,Hydrological,Flood,Flood,,IOM Displacement Tracking Matrix (IOM DTM),https://mailchi.mp/iom/dtm-sudan-flash-alert-flooding-in-bahri-locality-khartoum-update-001?e=b699c75958,"Khartoum State, Sudan","15.93796, 33.13726",State/Region/Province (ADM1),Origin,Displacement without preventive evacuations reported,2025-10-06T08:55:05.807979Z,"Sudan: 7,068 displacements, 30 September - 30 September. Approximately 1200 households were displaced due to flood on 30 September in Khartoum State, Sudan, according to IOM Displacement Tracking Matrix (IOM DTM).",https://mailchi.mp/iom/dtm-sudan-flash-alert-flooding-in-bahri-locality-khartoum-update-001?e=b699c75958,Flood
193826,Sudan,SDN,15.24439,32.509079,"[15.24439, 32.509079]",Recommended figure,Disaster,approximately,589,2025-09-30,2025-09-30,2025-09-30,2025,33333,Sudan: Flood - Khartoum (Jebel Awlia) - 30/09/2025,,,2025-09-30,2025-09-30,Weather related,Hydrological,Flood,Flood,,IOM Displacement Tracking Matrix (IOM DTM),https://mailchi.mp/iom/dtm-sudan-flash-alert-flooding-in-jebel-awlia-shegeilab-and-tayyibah-villages-khartoum-update-001?e=b699c75958,"Jebel Aulia, Khartoum State, Sudan","15.24439, 32.509079",County/City/town/Village/Woreda (ADM3),Origin,Displacement without preventive evacuations reported,2025-10-02T12:44:01.371684Z,"Sudan: 589 displacements, 30 September - 30 September. Flood resulted in approximately 100 households being displaced in Jebel Aulia, Khartoum State, Sudan on 30 September, according to IOM Displacement Tracking Matrix (IOM DTM).",https://mailchi.mp/iom/dtm-sudan-flash-alert-flooding-in-jebel-awlia-shegeilab-and-tayyibah-villages-khartoum-update-001?e=b699c75958,Flood
192976,Sudan,SDN,14.10755,34.091808,"[14.10755, 34.091808]",Recommended figure,Disaster,approximately,295,2025-09-21,2025-09-21,2025-09-21,2025,33259,Sudan: Flood - Gedaref (Al Fao) - 21/09/2025,,,2025-09-21,2025-09-21,Weather related,Hydrological,Flood,Flood,,IOM Displacement Tracking Matrix (IOM DTM),https://mailchi.mp/iom/dtm-sudan-flash-alert-flooding-in-al-fao-mabrooka-village-gedaref-update-002?e=b699c75958,"Al Fao, Al Qadarif, Gedarif State, Sudan","14.10755, 34.091808",County/City/town/Village/Woreda (ADM3),Origin,,2025-09-23T09:49:40.063517Z,"Sudan: 295 displacements (destroyed housing), 21 September - 21 September. According to IOM Displacement Tracking Matrix (IOM DTM), approximately 50 households were displaced due to destroyed housing in Al Fao, Al Qadarif, Gedarif State, Sudan due to flood on 21 September",https://mailchi.mp/iom/dtm-sudan-flash-alert-flooding-in-al-fao-mabrooka-village-gedaref-update-002?e=b699c75958,Flood
192468,Sudan,SDN,14.66715,33.222359,"[14.66715, 33.222359]",Recommended figure,Disaster,approximately,4250,2025-09-12,2025-09-12,2025-09-12,2025,33157,Sudan: Flood - Al Jazirah (Um Algura) - 12/09/2025,,,2025-09-12,2025-09-12,Weather related,Hydrological,Flood,Flood,,IOM Displacement Tracking Matrix (IOM DTM),https://mailchi.mp/iom/dtm-sudan-flash-alert-flooding-in-um-algura-major-6-village-aj-jazirah-update-001?e=b699c75958,"Al Jazirah, Sudan","14.66715, 33.222359",State/Region/Province (ADM1),Origin,Displacement without preventive evacuations reported,2025-09-15T08:50:17.131467Z,"Sudan: 4,250 displacements, 12 September - 12 September. Approximately 4250 people were displaced due to flood on 12 September in Um Algura, Al Jazirah, Sudan, according to IOM Displacement Tracking Matrix (IOM DTM).",https://mailchi.mp/iom/dtm-sudan-flash-alert-flooding-in-um-algura-major-6-village-aj-jazirah-update-001?e=b699c75958,Flood
191550,Sudan,SDN,14.11326,34.088169,"[14.11326, 34.088169]",Recommended figure,Disaster,total,100,2025-09-06,2025-09-06,2025-09-06,2025,32876,Sudan: Flood - Gedaref (Al Fao) - 06/09/2025,,,2025-09-06,2025-09-06,Weather related,Hydrological,Flood,Flood,,IOM Displacement Tracking Matrix (IOM DTM),https://mailchi.mp/iom/dtm-sudan-flash-alert-flooding-in-al-fao-mabrooka-village-gedaref-update-001?e=b699c75958,"Al Fao, Al Qadarif, Gedarif State, Sudan","14.11326, 34.088169",County/City/town/Village/Woreda (ADM3),Origin,,2025-09-08T09:31:36.266513Z,"Sudan: 100 displacements (destroyed housing), 06 September - 06 September. A total of 17 households were displaced due to destroyed housing due to flood on 6 September in Al Fao, Al Qadarif, Gedarif State, Sudan, according to IOM Displacement Tracking Matrix (IOM DTM).",https://mailchi.mp/iom/dtm-sudan-flash-alert-flooding-in-al-fao-mabrooka-village-gedaref-update-001?e=b699c75958,Flood
191552,Sudan,SDN,13.97584,35.085079,"[13.97584, 35.085079]",Recommended figure,Disaster,approximately,2945,2025-09-06,2025-09-06,2025-09-06,2025,32877,Sudan: Flood - Gedaref (Ar Rahad) - 06/09/2025,,,2025-09-06,2025-09-06,Weather related,Hydrological,Flood,Flood,,IOM Displacement Tracking Matrix (IOM DTM),https://mailchi.mp/iom/dtm-sudan-flash-alert-flooding-in-ar-rahad-wad-al-shaer-village-gedaref-update-003?e=b699c75958,"Al Qadarif State, Sudan","13.97584, 35.085079",State/Region/Province (ADM1),Origin,,2025-09-08T09:40:34.566391Z,"Sudan: 2,945 displacements (destroyed housing), 06 September - 06 September. Approximately 500 households were displaced due to destroyed housing due to flood on 6 September in Ar Rahad in Al Qadarif State, Sudan, according to IOM Displacement Tracking Matrix (IOM DTM).",https://mailchi.mp/iom/dtm-sudan-flash-alert-flooding-in-ar-rahad-wad-al-shaer-village-gedaref-update-003?e=b699c75958,Flood
191549,Sudan,SDN,11.19385,24.39727,"[11.19385, 24.39727]",Recommended figure,Disaster,approximately,377,2025-09-04,2025-09-04,2025-09-04,2025,32875,Sudan: Flood - South Darfur (Kateila) - 04/09/2025,,,2025-09-04,2025-09-04,Weather related,Hydrological,Flood,Flood,,IOM Displacement Tracking Matrix (IOM DTM),https://mailchi.mp/iom/dtm-sudan-flash-alert-flooding-in-kateila-tartura-village-south-darfur?e=b699c75958,"Katayla, Id El Ghanem, South Darfur State, Sudan","11.19385, 24.39727",County/City/town/Village/Woreda (ADM3),Origin,,2025-09-08T09:16:46.827939Z,"Sudan: 377 displacements (destroyed housing), 04 September - 04 September. According to IOM Displacement Tracking Matrix (IOM DTM), approximately 64 households were displaced due to destroyed housing in Katayla, Id El Ghanem, South Darfur State, Sudan due to flood on 4 September",https://mailchi.mp/iom/dtm-sudan-flash-alert-flooding-in-kateila-tartura-village-south-darfur?e=b699c75958,Flood
191545,Sudan,SDN,18.851789,37.89893,"[18.851789, 37.89893]",Recommended figure,Disaster,approximately,141,2025-09-04,2025-09-04,2025-09-04,2025,32873,Sudan: Flood - Red Sea (Tawkar) - 04/09/2025,,,2025-09-04,2025-09-04,Weather related,Hydrological,Flood,Flood,,IOM Displacement Tracking Matrix (IOM DTM),https://mailchi.mp/iom/dtm-sudan-flash-alert-rain-and-flooding-in-tawkar-tawkar-town-red-sea?e=b699c75958,"Tokar, Tokar Distrikt, Red Sea State, Sudan","18.851789, 37.89893",County/City/town/Village/Woreda (ADM3),Origin,Displacement without preventive evacuations reported,2025-09-08T08:52:27.586320Z,"Sudan: 141 displacements, 04 September - 04 September. Flood resulted in approximately 24 households being displaced in Tokar, Tokar Distrikt, Red Sea State, Sudan on 4 September, according to IOM Displacement Tracking Matrix (IOM DTM).",https://mailchi.mp/iom/dtm-sudan-flash-alert-rain-and-flooding-in-tawkar-tawkar-town-red-sea?e=b699c75958,Flood
191251,Sudan,SDN,18.851789,37.89893,"[18.851789, 37.89893]",Recommended figure,Disaster,approximately,530,2025-09-03,2025-09-03,2025-09-03,2025,32817,Sudan: Flood - Red Sea (Tawkar) - 03/09/2025,,,2025-09-03,2025-09-03,Weather related,Hydrological,Flood,Flood,,IOM Displacement Tracking Matrix (IOM DTM),https://mailchi.mp/iom/dtm-sudan-flash-alert-flooding-in-tawkar-tawkar-town-red-sea?e=b699c75958,"Tokar, Tokar Distrikt, Red Sea State, Sudan","18.851789, 37.89893",County/City/town/Village/Woreda (ADM3),Origin,Displacement without preventive evacuations reported,2025-09-04T13:35:29.027904Z,"Sudan: 530 displacements, 03 September - 03 September. Approximately 90 households were displaced due to flood on 3 September in Tokar, Tokar Distrikt, Red Sea State, Sudan, according to IOM Displacement Tracking Matrix (IOM DTM).",https://mailchi.mp/iom/dtm-sudan-flash-alert-flooding-in-tawkar-tawkar-town-red-sea?e=b699c75958,Flood
191212,Sudan,SDN,13.85331,24.75174,"[13.85331, 24.75174]",Recommended figure,Disaster,approximately,412,2025-09-01,2025-09-01,2025-09-01,2025,32805,Sudan: Flood - North Darfur (Korma) - 01/09/2025,,,2025-09-01,2025-09-01,Weather related,Hydrological,Flood,Flood,,IOM Displacement Tracking Matrix (IOM DTM),https://mailchi.mp/iom/dtm-sudan-flash-alert-flooding-in-al-fasher-korma-town-north-darfur?e=b699c75958,"Korma, Kutum, North Darfur State, Sudan","13.85331, 24.75174",County/City/town/Village/Woreda (ADM3),Origin,,2025-09-03T13:26:35.352632Z,"Sudan: 412 displacements (destroyed housing), 01 September - 01 September. According to IOM Displacement Tracking Matrix (IOM DTM), approximately 70 households were displaced due to destroyed housing in Korma, Kutum, North Darfur State, Sudan due to flood on 1 September",https://mailchi.mp/iom/dtm-sudan-flash-alert-flooding-in-al-fasher-korma-town-north-darfur?e=b699c75958,Flood
191222,Sudan,SDN,11.40799,24.704559,"[11.40799, 24.704559]",Recommended figure,Disaster,approximately,150,2025-08-31,2025-08-31,2025-08-31,2025,32811,Sudan: Landslide - South Darfur (Sharg Aj Jabal) - 31/08/2025,,,2025-08-31,2025-08-31,Weather related,Hydrological,Mass Movement,Landslide/Wet mass movement,,IOM Displacement Tracking Matrix (IOM DTM),https://mailchi.mp/iom/dtm-sudan-flash-alert-landslide-in-tarsin-village-sharg-aj-jabal-locality-south-darfur2?e=b699c75958,"South Darfur State, Sudan","11.40799, 24.704559",State/Region/Province (ADM1),Origin,Displacement without preventive evacuations reported,2025-09-03T15:11:38.124155Z,"Sudan: 150 displacements, 31 August - 31 August. Landslide/wet mass movement resulted in approximately 150 people being displaced in Sharg Aj Jabal in South Darfur State, Sudan on 31 August, according to IOM Displacement Tracking Matrix (IOM DTM).",https://mailchi.mp/iom/dtm-sudan-flash-alert-landslide-in-tarsin-village-sharg-aj-jabal-locality-south-darfur2?e=b699c75958,Mass Movement
191094,Sudan,SDN,11.40799,24.704559,"[11.40799, 24.704559]",Recommended figure,Disaster,approximately,884,2025-08-31,2025-08-31,2025-08-31,2025,32791,Sudan: Flood - South Darfur (As Salam) - 31/08/2025,,,2025-08-31,2025-08-31,Weather related,Hydrological,Flood,Flood,,IOM Displacement Tracking Matrix (IOM DTM),https://mailchi.mp/iom/dtm-sudan-flash-alert-flooding-in-safia-village-as-salam-locality-south-darfur-update-001?e=b699c75958,"South Darfur State, Sudan","11.40799, 24.704559",State/Region/Province (ADM1),Origin,Displacement without preventive evacuations reported,2025-09-02T08:38:42.392081Z,"Sudan: 884 displacements, 31 August - 31 August. According to IOM Displacement Tracking Matrix (IOM DTM), approximately 150 households were displaced in As Salam in South Darfur State, Sudan due to flood on 31 August",https://mailchi.mp/iom/dtm-sudan-flash-alert-flooding-in-safia-village-as-salam-locality-south-darfur-update-001?e=b699c75958,Flood
191051,Sudan,SDN,13.97584,35.085079,"[13.97584, 35.085079]",Recommended figure,Disaster,approximately,371,2025-08-31,2025-08-31,2025-08-31,2025,32784,Sudan: Flood - Gedaref (Ar Rahad) - 31/08/2025,,,2025-08-31,2025-08-31,Weather related,Hydrological,Flood,Flood,,IOM Displacement Tracking Matrix (IOM DTM),https://mailchi.mp/iom/dtm-sudan-flash-alert-flooding-in-ar-rahad-locality-gedaref-002?e=b699c75958,"Al Qadarif State, Sudan","13.97584, 35.085079",State/Region/Province (ADM1),Origin,,2025-09-01T14:02:02.524902Z,"Sudan: 371 displacements (destroyed housing), 31 August - 31 August. Approximately 63 households were displaced due to destroyed housing due to flood on 31 August in Ar Rahad in Al Qadarif State, Sudan, according to IOM Displacement Tracking Matrix (IOM DTM).",https://mailchi.mp/iom/dtm-sudan-flash-alert-flooding-in-ar-rahad-locality-gedaref-002?e=b699c75958,Flood
191009,Sudan,SDN,18.851789,37.89893,"[18.851789, 37.89893]",Recommended figure,Disaster,approximately,471,2025-08-29,2025-08-29,2025-08-29,2025,32778,Sudan: Flood - Red Sea (Tawkar) - 29/08/2025,,,2025-08-29,2025-08-29,Weather related,Hydrological,Flood,Flood,,IOM Displacement Tracking Matrix (IOM DTM),https://mailchi.mp/iom/dtm-sudan-flash-alert-rain-and-flooding-in-tawkar-tawkar-town-red-sea-update-001?e=b699c75958,"Tokar, Tokar Distrikt, Red Sea State, Sudan","18.851789, 37.89893",County/City/town/Village/Woreda (ADM3),Origin,Displacement without preventive evacuations reported,2025-09-01T08:23:32.649973Z,"Sudan: 471 displacements, 29 August - 29 August. Flood resulted in approximately 80 households being displaced in Tokar, Tokar Distrikt, Red Sea State, Sudan on 29 August, according to IOM Displacement Tracking Matrix (IOM DTM).",https://mailchi.mp/iom/dtm-sudan-flash-alert-rain-and-flooding-in-tawkar-tawkar-town-red-sea-update-001?e=b699c75958,Flood
190961,Sudan,SDN,13.97584,35.085079,"[13.97584, 35.085079]",Recommended figure,Disaster,approximately,2800,2025-08-27,2025-08-27,2025-08-27,2025,32764,Sudan: Flood - Gedaref (Ar Rahad) - 27/08/2025,,,2025-08-27,2025-08-27,Weather related,Hydrological,Flood,Flood,,IOM Displacement Tracking Matrix (IOM DTM),https://mailchi.mp/iom/dtm-sudan-flash-alert-flooding-in-ar-rahad-locality-gedaref?e=b699c75958,"Al Qadarif State, Sudan","13.97584, 35.085079",State/Region/Province (ADM1),Origin,Displacement without preventive evacuations reported,2025-08-28T14:39:01.962387Z,"Sudan: 2,800 displacements, 27 August - 27 August. Approximately 2800 people were displaced due to flood on 27 August in Ar Rahad locality in Al Qadarif State, Sudan, according to IOM Displacement Tracking Matrix (IOM DTM).",https://mailchi.mp/iom/dtm-sudan-flash-alert-flooding-in-ar-rahad-locality-gedaref?e=b699c75958,Flood
190973,Sudan,SDN,17.998489,34.05582,"[17.998489, 34.05582]",Recommended figure,Disaster,total,845,2025-08-27,2025-08-27,2025-08-27,2025,32768,Sudan: Flood - River Nile (Al Matama and Shendi) - 27/08/2025,,,2025-08-27,2025-08-27,Weather related,Hydrological,Flood,Flood,,IOM Displacement Tracking Matrix (IOM DTM),https://mailchi.mp/iom/dtm-sudan-flash-alert-flooding-in-al-matama-and-shendi-localities-river-nile?e=b699c75958,"River Nile State, Sudan","17.998489, 34.05582",State/Region/Province (ADM1),Origin,Displacement without preventive evacuations reported,2025-08-29T09:31:00.403497Z,"Sudan: 845 displacements, 27 August - 27 August. A total of 845 people were displaced due to flood on 27 August in Al Matama and Shendi localities in River Nile State, Sudan, according to IOM Displacement Tracking Matrix (IOM DTM).",https://mailchi.mp/iom/dtm-sudan-flash-alert-flooding-in-al-matama-and-shendi-localities-river-nile?e=b699c75958,Flood
190924,Sudan,SDN,17.998489,34.05582,"[17.998489, 34.05582]",Recommended figure,Disaster,approximately,1070,2025-08-27,2025-08-27,2025-08-27,2025,32763,"Sudan: Flood - River Nile (Ad Damar, Al Matama and Shendi) - 27/08/2025",,,2025-08-27,2025-08-27,Weather related,Hydrological,Flood,Flood,,IOM Displacement Tracking Matrix (IOM DTM),https://mailchi.mp/iom/dtm-sudan-flash-alert-flooding-in-ad-damar-al-matama-and-shendi-localities-river-nile?e=b699c75958,"River Nile State, Sudan","17.998489, 34.05582",State/Region/Province (ADM1),Origin,Displacement without preventive evacuations reported,2025-08-28T10:05:01.824178Z,"Sudan: 1,070 displacements, 27 August - 27 August. Approximately 1070 people were displaced due to flood on 27 August in in Ad Damar, Al Matama and Shendi localities in River Nile State, Sudan, according to IOM Displacement Tracking Matrix (IOM DTM).",https://mailchi.mp/iom/dtm-sudan-flash-alert-flooding-in-ad-damar-al-matama-and-shendi-localities-river-nile?e=b699c75958,Flood
195460,Sudan,SDN,11.26541,26.43845,"[11.26541, 26.43845]",Recommended figure,Conflict,total,3335,2025-09-30,2025-08-26,2025-09-30,2025,30948,Sudan: Non-International armed conflict (NIAC) - Countrywide - 2025,,,2025-01-01,2025-12-31,,,,,,IOM Displacement Tracking Matrix (IOM DTM),https://dtm.iom.int/datasets/dtm-sudan-countrywide-mobility-update-22-bi-weekly,"East Darfur State, Sudan","11.26541, 26.43845",State/Region/Province (ADM1),Destination,Displacement without preventive evacuations reported,2025-10-23T14:51:42.713640Z,"Sudan: 3,335 displacements, 26 August - 30 September. A total of 3335 people were displaced due to Non-International Armed Conflict (NIAC) between 26 August and 30 September 2025 in East Darfur State, Sudan, according to IOM Displacement Tracking Matrix (IOM DTM).",https://dtm.iom.int/datasets/dtm-sudan-countrywide-mobility-update-22-bi-weekly,Conflict
195471,Sudan,SDN,13.60607,32.315361,"[13.60607, 32.315361]",Recommended figure,Conflict,total,3499,2025-09-30,2025-08-26,2025-09-30,2025,30948,Sudan: Non-International armed conflict (NIAC) - Countrywide - 2025,,,2025-01-01,2025-12-31,,,,,,IOM Displacement Tracking Matrix (IOM DTM),https://dtm.iom.int/datasets/dtm-sudan-countrywide-mobility-update-22-bi-weekly,"White Nile State, Sudan","13.60607, 32.315361",State/Region/Province (ADM1),Destination,Displacement without preventive evacuations reported,2025-10-23T14:51:49.911894Z,"Sudan: 3,499 displacements, 26 August - 30 September. A total of 3499 people were displaced due to Non-International Armed Conflict (NIAC) between 26 August and 30 September 2025 in White Nile State, Sudan, according to IOM Displacement Tracking Matrix (IOM DTM).",https://dtm.iom.int/datasets/dtm-sudan-countrywide-mobility-update-22-bi-weekly,Conflict
195464,Sudan,SDN,14.41693,29.46837,"[14.41693, 29.46837]",Recommended figure,Conflict,total,6940,2025-09-30,2025-08-26,2025-09-30,2025,30948,Sudan: Non-International armed conflict (NIAC) - Countrywide - 2025,,,2025-01-01,2025-12-31,,,,,,IOM Displacement Tracking Matrix (IOM DTM),https://dtm.iom.int/datasets/dtm-sudan-countrywide-mobility-update-22-bi-weekly,"North Kordofan State, Sudan","14.41693, 29.46837",State/Region/Province (ADM1),Destination,Displacement without preventive evacuations reported,2025-10-23T14:51:49.544979Z,"Sudan: 6,940 displacements, 26 August - 30 September. A total of 6940 people were displaced due to Non-International Armed Conflict (NIAC) between 26 August and 30 September 2025 in North Kordofan State, Sudan, according to IOM Displacement Tracking Matrix (IOM DTM).",https://dtm.iom.int/datasets/dtm-sudan-countrywide-mobility-update-22-bi-weekly,Conflict
195465,Sudan,SDN,20.0,36.0,"[20, 36]",Recommended figure,Conflict,total,16,2025-09-30,2025-08-26,2025-09-30,2025,30948,Sudan: Non-International armed conflict (NIAC) - Countrywide - 2025,,,2025-01-01,2025-12-31,,,,,,IOM Displacement Tracking Matrix (IOM DTM),https://dtm.iom.int/datasets/dtm-sudan-countrywide-mobility-update-22-bi-weekly,"Red Sea State, Sudan","20, 36",State/Region/Province (ADM1),Destination,Displacement without preventive evacuations reported,2025-10-23T14:51:49.601087Z,"Sudan: 16 displacements, 26 August - 30 September. A total of 16 people were displaced due to Non-International Armed Conflict (NIAC) between 26 August and 30 September 2025 in Red Sea State, Sudan, according to IOM Displacement Tracking Matrix (IOM DTM).",https://dtm.iom.int/datasets/dtm-sudan-countrywide-mobility-update-22-bi-weekly,Conflict
195466,Sudan,SDN,13.0,33.5,"[13, 33.5]",Recommended figure,Conflict,total,3827,2025-09-30,2025-08-26,2025-09-30,2025,30948,Sudan: Non-International armed conflict (NIAC) - Countrywide - 2025,,,2025-01-01,2025-12-31,,,,,,IOM Displacement Tracking Matrix (IOM DTM),https://dtm.iom.int/datasets/dtm-sudan-countrywide-mobility-update-22-bi-weekly,"Sennar State, Sudan","13, 33.5",State/Region/Province (ADM1),Destination,Displacement without preventive evacuations reported,2025-10-23T14:51:49.651701Z,"Sudan: 3,827 displacements, 26 August - 30 September. A total of 3827 people were displaced due to Non-International Armed Conflict (NIAC) between 26 August and 30 September 2025 in Sennar State, Sudan, according to IOM Displacement Tracking Matrix (IOM DTM).",https://dtm.iom.int/datasets/dtm-sudan-countrywide-mobility-update-22-bi-weekly,Conflict
195467,Sudan,SDN,11.40799,24.704559,"[11.40799, 24.704559]",Recommended figure,Conflict,total,849,2025-09-30,2025-08-26,2025-09-30,2025,30948,Sudan: Non-International armed conflict (NIAC) - Countrywide - 2025,,,2025-01-01,2025-12-31,,,,,,IOM Displacement Tracking Matrix (IOM DTM),https://dtm.iom.int/datasets/dtm-sudan-countrywide-mobility-update-22-bi-weekly,"South Darfur State, Sudan","11.40799, 24.704559",State/Region/Province (ADM1),Destination,Displacement without preventive evacuations reported,2025-10-23T14:51:49.704007Z,"Sudan: 849 displacements, 26 August - 30 September. A total of 849 people were displaced due to Non-International Armed Conflict (NIAC) between 26 August and 30 September 2025 in South Darfur State, Sudan, according to IOM Displacement Tracking Matrix (IOM DTM).",https://dtm.iom.int/datasets/dtm-sudan-countrywide-mobility-update-22-bi-weekly,Conflict
195468,Sudan,SDN,11.22641,30.913931,"[11.22641, 30.913931]",Recommended figure,Conflict,total,1175,2025-09-30,2025-08-26,2025-09-30,2025,30948,Sudan: Non-International armed conflict (NIAC) - Countrywide - 2025,,,2025-01-01,2025-12-31,,,,,,IOM Displacement Tracking Matrix (IOM DTM),https://dtm.iom.int/datasets/dtm-sudan-countrywide-mobility-update-22-bi-weekly,"South Kordofan State, Sudan","11.22641, 30.913931",State/Region/Province (ADM1),Destination,Displacement without preventive evacuations reported,2025-10-23T14:51:49.753828Z,"Sudan: 1,175 displacements, 26 August - 30 September. A total of 1175 people were displaced due to Non-International Armed Conflict (NIAC) between 26 August and 30 September 2025 in South Kordofan State, Sudan, according to IOM Displacement Tracking Matrix (IOM DTM).",https://dtm.iom.int/datasets/dtm-sudan-countrywide-mobility-update-22-bi-weekly,Conflict
195469,Sudan,SDN,13.83071,22.81534,"[13.83071, 22.81534]",Recommended figure,Conflict,total,805,2025-09-30,2025-08-26,2025-09-30,2025,30948,Sudan: Non-International armed conflict (NIAC) - Countrywide - 2025,,,2025-01-01,2025-12-31,,,,,,IOM Displacement Tracking Matrix (IOM DTM),https://dtm.iom.int/datasets/dtm-sudan-countrywide-mobility-update-22-bi-weekly,"وادي درام, West Darfur State, Sudan","13.83071, 22.81534",State/Region/Province (ADM1),Destination,Displacement without preventive evacuations reported,2025-10-23T14:51:49.802857Z,"Sudan: 805 displacements, 26 August - 30 September. A total of 805 people were displaced due to Non-International Armed Conflict (NIAC) between 26 August and 30 September 2025 in West Darfur State, Sudan, according to IOM Displacement Tracking Matrix (IOM DTM).",https://dtm.iom.int/datasets/dtm-sudan-countrywide-mobility-update-22-bi-weekly,Conflict
195470,Sudan,SDN,11.75228,28.204599,"[11.75228, 28.204599]",Recommended figure,Conflict,total,900,2025-09-30,2025-08-26,2025-09-30,2025,30948,Sudan: Non-International armed conflict (NIAC) - Countrywide - 2025,,,2025-01-01,2025-12-31,,,,,,IOM Displacement Tracking Matrix (IOM DTM),https://dtm.iom.int/datasets/dtm-sudan-countrywide-mobility-update-22-bi-weekly,"West Kurdufan, Sudan","11.75228, 28.204599",State/Region/Province (ADM1),Destination,Displacement without preventive evacuations reported,2025-10-23T14:51:49.860363Z,"Sudan: 900 displacements, 26 August - 30 September. A total of 900 people were displaced due to Non-International Armed Conflict (NIAC) between 26 August and 30 September 2025 in West Kurdufan, Sudan, according to IOM Displacement Tracking Matrix (IOM DTM).",https://dtm.iom.int/datasets/dtm-sudan-countrywide-mobility-update-22-bi-weekly,Conflict
195461,Sudan,SDN,16.0431989,36.0181112,"[16.0431989, 36.0181112]",Recommended figure,Conflict,total,5334,2025-09-30,2025-08-26,2025-09-30,2025,30948,Sudan: Non-International armed conflict (NIAC) - Countrywide - 2025,,,2025-01-01,2025-12-31,,,,,,IOM Displacement Tracking Matrix (IOM DTM),https://dtm.iom.int/datasets/dtm-sudan-countrywide-mobility-update-22-bi-weekly,"Kassala State, Sudan","16.0431989, 36.0181112",State/Region/Province (ADM1),Destination,Displacement without preventive evacuations reported,2025-10-23T14:51:42.777394Z,"Sudan: 5,334 displacements, 26 August - 30 September. A total of 5334 people were displaced due to Non-International Armed Conflict (NIAC) between 26 August and 30 September 2025 in Kassala State, Sudan, according to IOM Displacement Tracking Matrix (IOM DTM).",https://dtm.iom.int/datasets/dtm-sudan-countrywide-mobility-update-22-bi-weekly,Conflict
195462,Sudan,SDN,15.55177,32.53241,"[15.55177, 32.53241]",Recommended figure,Conflict,total,358,2025-09-30,2025-08-26,2025-09-30,2025,30948,Sudan: Non-International armed conflict (NIAC) - Countrywide - 2025,,,2025-01-01,2025-12-31,,,,,,IOM Displacement Tracking Matrix (IOM DTM),https://dtm.iom.int/datasets/dtm-sudan-countrywide-mobility-update-22-bi-weekly,"Khartoum, Sudan","15.55177, 32.53241",State/Region/Province (ADM1),Destination,Displacement without preventive evacuations reported,2025-10-23T14:51:42.843570Z,"Sudan: 358 displacements, 26 August - 30 September. A total of 358 people were displaced due to Non-International Armed Conflict (NIAC) between 26 August and 30 September 2025 in Khartoum, Sudan, according to IOM Displacement Tracking Matrix (IOM DTM).",https://dtm.iom.int/datasets/dtm-sudan-countrywide-mobility-update-22-bi-weekly,Conflict
195459,Sudan,SDN,12.12268,23.34705,"[12.12268, 23.34705]",Recommended figure,Conflict,total,515,2025-09-30,2025-08-26,2025-09-30,2025,30948,Sudan: Non-International armed conflict (NIAC) - Countrywide - 2025,,,2025-01-01,2025-12-31,,,,,,IOM Displacement Tracking Matrix (IOM DTM),https://dtm.iom.int/datasets/dtm-sudan-countrywide-mobility-update-22-bi-weekly,"Central Darfur, Sudan","12.12268, 23.34705",State/Region/Province (ADM1),Destination,Displacement without preventive evacuations reported,2025-10-23T14:51:42.643542Z,"Sudan: 515 displacements, 26 August - 30 September. A total of 515 people were displaced due to Non-International Armed Conflict (NIAC) between 26 August and 30 September 2025 in Central Darfur, Sudan, according to IOM Displacement Tracking Matrix (IOM DTM).",https://dtm.iom.int/datasets/dtm-sudan-countrywide-mobility-update-22-bi-weekly,Conflict
195458,Sudan,SDN,11.9566972,34.122894,"[11.9566972, 34.122894]",Recommended figure,Conflict,total,230,2025-09-30,2025-08-26,2025-09-30,2025,30948,Sudan: Non-International armed conflict (NIAC) - Countrywide - 2025,,,2025-01-01,2025-12-31,,,,,,IOM Displacement Tracking Matrix (IOM DTM),https://dtm.iom.int/datasets/dtm-sudan-countrywide-mobility-update-22-bi-weekly,"Blue Nile, Sudan","11.9566972, 34.122894",State/Region/Province (ADM1),Destination,Displacement without preventive evacuations reported,2025-10-23T14:51:42.576400Z,"Sudan: 230 displacements, 26 August - 30 September. A total of 230 people were displaced due to Non-International Armed Conflict (NIAC) between 26 August and 30 September 2025 in Blue Nile, Sudan, according to IOM Displacement Tracking Matrix (IOM DTM).",https://dtm.iom.int/datasets/dtm-sudan-countrywide-mobility-update-22-bi-weekly,Conflict
195457,Sudan,SDN,14.66715,33.222359,"[14.66715, 33.222359]",Recommended figure,Conflict,total,900,2025-09-30,2025-08-26,2025-09-30,2025,30948,Sudan: Non-International armed conflict (NIAC) - Countrywide - 2025,,,2025-01-01,2025-12-31,,,,,,IOM Displacement Tracking Matrix (IOM DTM),https://dtm.iom.int/datasets/dtm-sudan-countrywide-mobility-update-22-bi-weekly,"Al Jazirah, Sudan","14.66715, 33.222359",State/Region/Province (ADM1),Destination,Displacement without preventive evacuations reported,2025-10-23T14:51:42.514139Z,"Sudan: 900 displacements, 26 August - 30 September. A total of 900 people were displaced due to Non-International Armed Conflict (NIAC) between 26 August and 30 September 2025 in Al Jazirah, Sudan, according to IOM Displacement Tracking Matrix (IOM DTM).",https://dtm.iom.int/datasets/dtm-sudan-countrywide-mobility-update-22-bi-weekly,Conflict
195463,Sudan,SDN,15.84944,25.504379,"[15.84944, 25.504379]",Recommended figure,Conflict,total,95990,2025-09-30,2025-08-26,2025-09-30,2025,30948,Sudan: Non-International armed conflict (NIAC) - Countrywide - 2025,,,2025-01-01,2025-12-31,,,,,,IOM Displacement Tracking Matrix (IOM DTM),https://dtm.iom.int/datasets/dtm-sudan-countrywide-mobility-update-22-bi-weekly,"North Darfur State, Sudan","15.84944, 25.504379",State/Region/Province (ADM1),Destination,Displacement without preventive evacuations reported,2025-10-23T14:51:42.909411Z,"Sudan: 95,990 displacements, 26 August - 30 September. A total of 95990 people were displaced due to Non-International Armed Conflict (NIAC) between 26 August and 30 September 2025 in North Darfur State, Sudan, according to IOM Displacement Tracking Matrix (IOM DTM).",https://dtm.iom.int/datasets/dtm-sudan-countrywide-mobility-update-22-bi-weekly,Conflict
190911,Sudan,SDN,15.41185,35.65871,"[15.41185, 35.65871]",Recommended figure,Disaster,approximately,3325,2025-08-24,2025-08-24,2025-08-24,2025,32754,Sudan: Flood - Kassala (Reifi Telkok) - 24/08/2025,,,2025-08-24,2025-08-24,Weather related,Hydrological,Flood,Flood,,IOM Displacement Tracking Matrix (IOM DTM),https://mailchi.mp/iom/dtm-sudan-flash-alert-flooding-in-reifi-telkok-locality-kassala?e=b699c75958,"Kassala State, Sudan","15.41185, 35.65871",State/Region/Province (ADM1),Origin,Displacement without preventive evacuations reported,2025-08-27T09:21:15.638856Z,"Sudan: 3,325 displacements, 24 August - 24 August. Flood resulted in approximately 3325 people being displaced in Reifi Telkok, Kassala State, Sudan on 24 August, according to IOM Displacement Tracking Matrix (IOM DTM).",https://mailchi.mp/iom/dtm-sudan-flash-alert-flooding-in-reifi-telkok-locality-kassala?e=b699c75958,Flood
190853,Sudan,SDN,11.13815,22.96402,"[11.13815, 22.96402]",Recommended figure,Disaster,approximately,385,2025-08-24,2025-08-24,2025-08-24,2025,32747,Sudan: Flood - Central Darfur (Um Dukhun) - 24/08/2025,,,2025-08-24,2025-08-24,Weather related,Hydrological,Flood,Flood,,IOM Displacement Tracking Matrix (IOM DTM),https://mailchi.mp/iom/dtm-sudan-flash-alert-flooding-in-um-dukhun-um-dukhun-town-central-darfur-update-001?e=b699c75958,"Um Dukhan, Mukjar, Central Darfur, Sudan","11.13815, 22.96402",County/City/town/Village/Woreda (ADM3),Origin,Displacement without preventive evacuations reported,2025-08-26T08:43:19.866065Z,"Sudan: 385 displacements, 24 August - 24 August. Flood resulted in approximately 385 people being displaced in Um Dukhan, Mukjar, Central Darfur, Sudan on 24 August, according to IOM Displacement Tracking Matrix (IOM DTM).",https://mailchi.mp/iom/dtm-sudan-flash-alert-flooding-in-um-dukhun-um-dukhun-town-central-darfur-update-001?e=b699c75958,Flood
190855,Sudan,SDN,13.60022,26.68928,"[13.60022, 26.68928]",Recommended figure,Disaster,approximately,910,2025-08-23,2025-08-23,2025-08-23,2025,32748,Sudan: Flood - North Darfur (Um Kadadah) - 23/08/2025,,,2025-08-23,2025-08-23,Weather related,Hydrological,Flood,Flood,,IOM Displacement Tracking Matrix (IOM DTM),https://mailchi.mp/iom/dtm-sudan-flash-alert-flooding-in-um-kadadah-abeiyat-jeleidat-village-north-darfur-update-001?e=b699c75958,"Umm Kadadah, Um Kadada, North Darfur State, Sudan","13.60022, 26.68928",County/City/town/Village/Woreda (ADM3),Origin,Displacement without preventive evacuations reported,2025-08-26T08:55:56.257931Z,"Sudan: 910 displacements, 23 August - 23 August. According to IOM Displacement Tracking Matrix (IOM DTM), approximately 910 people were displaced in Umm Kadadah, Um Kadada, North Darfur State, Sudan due to flood on 23 August",https://mailchi.mp/iom/dtm-sudan-flash-alert-flooding-in-um-kadadah-abeiyat-jeleidat-village-north-darfur-update-001?e=b699c75958,Flood
190454,Sudan,SDN,13.85331,24.75174,"[13.85331, 24.75174]",Recommended figure,Disaster,approximately,490,2025-08-19,2025-08-19,2025-08-19,2025,32616,Sudan: Flood - North Darfur (Korma) - 19/08/2025,,,2025-08-19,2025-08-19,Weather related,Hydrological,Flood,Flood,,IOM Displacement Tracking Matrix (IOM DTM),https://mailchi.mp/iom/dtm-sudan-flash-alert-flooding-in-al-fasher-korma-town-north-darfur-update-001?e=b699c75958,"Korma, Kutum, North Darfur State, Sudan","13.85331, 24.75174",County/City/town/Village/Woreda (ADM3),Origin,Displacement without preventive evacuations reported,2025-08-21T12:24:30.213388Z,"Sudan: 490 displacements, 19 August - 19 August. Flood resulted in approximately 490 people being displaced in Korma, Kutum, North Darfur State, Sudan on 19 August, according to IOM Displacement Tracking Matrix (IOM DTM).",https://mailchi.mp/iom/dtm-sudan-flash-alert-flooding-in-al-fasher-korma-town-north-darfur-update-001?e=b699c75958,Flood
190173,Sudan,SDN,15.84944,25.504379,"[15.84944, 25.504379]",Recommended figure,Disaster,approximately,900,2025-08-17,2025-08-17,2025-08-17,2025,32576,Sudan: Flood - North Dargur (Al Malha) - 17/08/2025,,,2025-08-17,2025-08-17,Weather related,Hydrological,Flood,Flood,,IOM Displacement Tracking Matrix (IOM DTM),https://mailchi.mp/iom/dtm-sudan-flash-alert-flooding-in-al-malha-marsoos-village-north-darfur-update-001?e=b699c75958,"North Darfur State, Sudan","15.84944, 25.504379",State/Region/Province (ADM1),Origin,Displacement without preventive evacuations reported,2025-08-20T09:36:40.778028Z,"Sudan: 900 displacements, 17 August - 17 August. Approximately 900 people were displaced due to flood on 17 August in North Darfur State, Sudan, according to IOM Displacement Tracking Matrix (IOM DTM).",https://mailchi.mp/iom/dtm-sudan-flash-alert-flooding-in-al-malha-marsoos-village-north-darfur-update-001?e=b699c75958,Flood
189040,Sudan,SDN,11.9567,34.12289,"[11.9567, 34.12289]",Recommended figure,Disaster,approximately,1944,2025-08-02,2025-08-02,2025-08-02,2025,32398,Sudan: Flood - Blue Nile (Wad Al Mahi) - 02/08/2025,,,2025-08-02,2025-08-02,Weather related,Hydrological,Flood,Flood,,IOM Displacement Tracking Matrix (IOM DTM),https://mailchi.mp/iom/dtm-sudan-flash-alert-flooding-in-wad-al-mahi-locality-blue-nile-update-001?e=b699c75958,"Blue Nile State, Sudan","11.9567, 34.12289",State/Region/Province (ADM1),Origin,Displacement without preventive evacuations reported,2025-08-04T15:36:24.629606Z,"Sudan: 1,944 displacements, 02 August - 02 August. Flood resulted in approximately 330 households being displaced in Blue Nile State, Sudan on 2 August, according to IOM Displacement Tracking Matrix (IOM DTM).",https://mailchi.mp/iom/dtm-sudan-flash-alert-flooding-in-wad-al-mahi-locality-blue-nile-update-001?e=b699c75958,Flood
188947,Sudan,SDN,11.56546,33.566158,"[11.56546, 33.566158]",Recommended figure,Disaster,total,147,2025-08-01,2025-08-01,2025-08-01,2025,32384,Sudan: Flood - Blue Nile (Ed Damazine) - 01/08/2025,,,2025-08-01,2025-08-01,Weather related,Hydrological,Flood,Flood,,IOM Displacement Tracking Matrix (IOM DTM),https://mailchi.mp/iom/dtm-sudan-flash-alert-flooding-in-ed-damazine-ed-damazine-town-blue-nile-update-001?e=b699c75958,"AD Damazin, Blue Nile State, Sudan","11.56546, 33.566158",District/Zone/Department (ADM2),Origin,Displacement without preventive evacuations reported,2025-08-04T09:38:46.641210Z,"Sudan: 147 displacements, 01 August - 01 August. A total of 25 households were displaced due to flood on 1 August in AD Damazin, Blue Nile State, Sudan, according to IOM Displacement Tracking Matrix (IOM DTM).",https://mailchi.mp/iom/dtm-sudan-flash-alert-flooding-in-ed-damazine-ed-damazine-town-blue-nile-update-001?e=b699c75958,Flood
189053,Sudan,SDN,12.98601,35.844818,"[12.98601, 35.844818]",Recommended figure,Disaster,total,295,2025-08-01,2025-08-01,2025-08-01,2025,32403,Sudan: Flood - Gedaref (Basundah) - 01/08/2025,,,2025-08-01,2025-08-01,Weather related,Hydrological,Flood,Flood,,IOM Displacement Tracking Matrix (IOM DTM),https://mailchi.mp/iom/dtm-sudan-flash-alert-flooding-in-basundah-locality-gedaref-update-001?e=b699c75958,"Basunda, Al galabat, Gedarif State, Sudan","12.98601, 35.844818",County/City/town/Village/Woreda (ADM3),Origin,Displacement without preventive evacuations reported,2025-08-05T10:03:09.718809Z,"Sudan: 295 displacements, 01 August - 01 August. A total of 50 households were displaced due to flood on 1 August in Basunda, Al galabat, Gedarif State, Sudan, according to IOM Displacement Tracking Matrix (IOM DTM).",https://mailchi.mp/iom/dtm-sudan-flash-alert-flooding-in-basundah-locality-gedaref-update-001?e=b699c75958,Flood
193418,Sudan,SDN,14.66715,33.222359,"[14.66715, 33.222359]",Recommended figure,Conflict,total,830,2025-08-26,2025-07-30,2025-08-26,2025,30948,Sudan: Non-International armed conflict (NIAC) - Countrywide - 2025,,,2025-01-01,2025-12-31,,,,,,IOM Displacement Tracking Matrix (IOM DTM),https://dtm.iom.int/datasets/dtm-sudan-countrywide-mobility-update-21-bi-weekly,"Al Jazirah, Sudan","14.66715, 33.222359",State/Region/Province (ADM1),Destination,Displacement without preventive evacuations reported,2025-09-25T09:52:27.908023Z,"Sudan: 830 displacements, 30 July - 26 August. A total of 830 people were displaced due to Non-International Armed Conflict (NIAC) between 29 July and 26 August 2025 in Al Jazirah, Sudan, according to IOM Displacement Tracking Matrix (IOM DTM).",https://dtm.iom.int/datasets/dtm-sudan-countrywide-mobility-update-21-bi-weekly,Conflict
193429,Sudan,SDN,11.75228,28.204599,"[11.75228, 28.204599]",Recommended figure,Conflict,total,2811,2025-08-26,2025-07-30,2025-08-26,2025,30948,Sudan: Non-International armed conflict (NIAC) - Countrywide - 2025,,,2025-01-01,2025-12-31,,,,,,IOM Displacement Tracking Matrix (IOM DTM),https://dtm.iom.int/datasets/dtm-sudan-countrywide-mobility-update-21-bi-weekly,"West Kurdufan, Sudan","11.75228, 28.204599",State/Region/Province (ADM1),Destination,Displacement without preventive evacuations reported,2025-09-25T09:52:34.922273Z,"Sudan: 2,811 displacements, 30 July - 26 August. A total of 2811 people were displaced due to Non-International Armed Conflict (NIAC) between 29 July and 26 August 2025 in West Kurdufan, Sudan, according to IOM Displacement Tracking Matrix (IOM DTM).",https://dtm.iom.int/datasets/dtm-sudan-countrywide-mobility-update-21-bi-weekly,Conflict
193428,Sudan,SDN,13.83071,22.81534,"[13.83071, 22.81534]",Recommended figure,Conflict,total,3070,2025-08-26,2025-07-30,2025-08-26,2025,30948,Sudan: Non-International armed conflict (NIAC) - Countrywide - 2025,,,2025-01-01,2025-12-31,,,,,,IOM Displacement Tracking Matrix (IOM DTM),https://dtm.iom.int/datasets/dtm-sudan-countrywide-mobility-update-21-bi-weekly,"وادي درام, West Darfur State, Sudan","13.83071, 22.81534",State/Region/Province (ADM1),Destination,Displacement without preventive evacuations reported,2025-09-25T09:52:34.872189Z,"Sudan: 3,070 displacements, 30 July - 26 August. A total of 3070 people were displaced due to Non-International Armed Conflict (NIAC) between 29 July and 26 August 2025 in West Darfur State, Sudan, according to IOM Displacement Tracking Matrix (IOM DTM).",https://dtm.iom.int/datasets/dtm-sudan-countrywide-mobility-update-21-bi-weekly,Conflict
193427,Sudan,SDN,11.22641,30.913931,"[11.22641, 30.913931]",Recommended figure,Conflict,total,1625,2025-08-26,2025-07-30,2025-08-26,2025,30948,Sudan: Non-International armed conflict (NIAC) - Countrywide - 2025,,,2025-01-01,2025-12-31,,,,,,IOM Displacement Tracking Matrix (IOM DTM),https://dtm.iom.int/datasets/dtm-sudan-countrywide-mobility-update-21-bi-weekly,"South Kordofan State, Sudan","11.22641, 30.913931",State/Region/Province (ADM1),Destination,Displacement without preventive evacuations reported,2025-09-25T09:52:34.821147Z,"Sudan: 1,625 displacements, 30 July - 26 August. A total of 1625 people were displaced due to Non-International Armed Conflict (NIAC) between 29 July and 26 August 2025 in South Kordofan State, Sudan, according to IOM Displacement Tracking Matrix (IOM DTM).",https://dtm.iom.int/datasets/dtm-sudan-countrywide-mobility-update-21-bi-weekly,Conflict
193426,Sudan,SDN,11.40799,24.704559,"[11.40799, 24.704559]",Recommended figure,Conflict,total,200,2025-08-26,2025-07-30,2025-08-26,2025,30948,Sudan: Non-International armed conflict (NIAC) - Countrywide - 2025,,,2025-01-01,2025-12-31,,,,,,IOM Displacement Tracking Matrix (IOM DTM),https://dtm.iom.int/datasets/dtm-sudan-countrywide-mobility-update-21-bi-weekly,"South Darfur State, Sudan","11.40799, 24.704559",State/Region/Province (ADM1),Destination,Displacement without preventive evacuations reported,2025-09-25T09:52:34.768791Z,"Sudan: 200 displacements, 30 July - 26 August. A total of 200 people were displaced due to Non-International Armed Conflict (NIAC) between 29 July and 26 August 2025 in South Darfur State, Sudan, according to IOM Displacement Tracking Matrix (IOM DTM).",https://dtm.iom.int/datasets/dtm-sudan-countrywide-mobility-update-21-bi-weekly,Conflict
193425,Sudan,SDN,13.0,33.5,"[13, 33.5]",Recommended figure,Conflict,total,30,2025-08-26,2025-07-30,2025-08-26,2025,30948,Sudan: Non-International armed conflict (NIAC) - Countrywide - 2025,,,2025-01-01,2025-12-31,,,,,,IOM Displacement Tracking Matrix (IOM DTM),https://dtm.iom.int/datasets/dtm-sudan-countrywide-mobility-update-21-bi-weekly,"Sennar State, Sudan","13, 33.5",State/Region/Province (ADM1),Destination,Displacement without preventive evacuations reported,2025-09-25T09:52:34.708708Z,"Sudan: 30 displacements, 30 July - 26 August. A total of 30 people were displaced due to Non-International Armed Conflict (NIAC) between 29 July and 26 August 2025 in Sennar State, Sudan, according to IOM Displacement Tracking Matrix (IOM DTM).",https://dtm.iom.int/datasets/dtm-sudan-countrywide-mobility-update-21-bi-weekly,Conflict
193424,Sudan,SDN,14.41693,29.46837,"[14.41693, 29.46837]",Recommended figure,Conflict,total,6700,2025-08-26,2025-07-30,2025-08-26,2025,30948,Sudan: Non-International armed conflict (NIAC) - Countrywide - 2025,,,2025-01-01,2025-12-31,,,,,,IOM Displacement Tracking Matrix (IOM DTM),https://dtm.iom.int/datasets/dtm-sudan-countrywide-mobility-update-21-bi-weekly,"North Kordofan State, Sudan","14.41693, 29.46837",State/Region/Province (ADM1),Destination,Displacement without preventive evacuations reported,2025-09-25T09:52:28.261358Z,"Sudan: 6,700 displacements, 30 July - 26 August. A total of 6700 people were displaced due to Non-International Armed Conflict (NIAC) between 29 July and 26 August 2025 in North Kordofan State, Sudan, according to IOM Displacement Tracking Matrix (IOM DTM).",https://dtm.iom.int/datasets/dtm-sudan-countrywide-mobility-update-21-bi-weekly,Conflict
193423,Sudan,SDN,15.84944,25.504379,"[15.84944, 25.504379]",Recommended figure,Conflict,total,3654,2025-08-26,2025-07-30,2025-08-26,2025,30948,Sudan: Non-International armed conflict (NIAC) - Countrywide - 2025,,,2025-01-01,2025-12-31,,,,,,IOM Displacement Tracking Matrix (IOM DTM),https://dtm.iom.int/datasets/dtm-sudan-countrywide-mobility-update-21-bi-weekly,"North Darfur State, Sudan","15.84944, 25.504379",State/Region/Province (ADM1),Destination,Displacement without preventive evacuations reported,2025-09-25T09:52:28.207192Z,"Sudan: 3,654 displacements, 30 July - 26 August. A total of 3654 people were displaced due to Non-International Armed Conflict (NIAC) between 29 July and 26 August 2025 in North Darfur State, Sudan, according to IOM Displacement Tracking Matrix (IOM DTM).",https://dtm.iom.int/datasets/dtm-sudan-countrywide-mobility-update-21-bi-weekly,Conflict
193422,Sudan,SDN,15.55177,32.53241,"[15.55177, 32.53241]",Recommended figure,Conflict,total,46718,2025-08-26,2025-07-30,2025-08-26,2025,30948,Sudan: Non-International armed conflict (NIAC) - Countrywide - 2025,,,2025-01-01,2025-12-31,,,,,,IOM Displacement Tracking Matrix (IOM DTM),https://dtm.iom.int/datasets/dtm-sudan-countrywide-mobility-update-21-bi-weekly,"Khartoum, Sudan","15.55177, 32.53241",State/Region/Province (ADM1),Destination,Displacement without preventive evacuations reported,2025-09-25T09:52:28.142711Z,"Sudan: 46,718 displacements, 30 July - 26 August. A total of 46718 people were displaced due to Non-International Armed Conflict (NIAC) between 29 July and 26 August 2025 in Khartoum, Sudan, according to IOM Displacement Tracking Matrix (IOM DTM).",https://dtm.iom.int/datasets/dtm-sudan-countrywide-mobility-update-21-bi-weekly,Conflict
193421,Sudan,SDN,16.0431989,36.0181112,"[16.0431989, 36.0181112]",Recommended figure,Conflict,total,4495,2025-08-26,2025-07-30,2025-08-26,2025,30948,Sudan: Non-International armed conflict (NIAC) - Countrywide - 2025,,,2025-01-01,2025-12-31,,,,,,IOM Displacement Tracking Matrix (IOM DTM),https://dtm.iom.int/datasets/dtm-sudan-countrywide-mobility-update-21-bi-weekly,"Kassala State, Sudan","16.0431989, 36.0181112",State/Region/Province (ADM1),Destination,Displacement without preventive evacuations reported,2025-09-25T09:52:28.088079Z,"Sudan: 4,495 displacements, 30 July - 26 August. A total of 4495 people were displaced due to Non-International Armed Conflict (NIAC) between 29 July and 26 August 2025 in Kassala State, Sudan, according to IOM Displacement Tracking Matrix (IOM DTM).",https://dtm.iom.int/datasets/dtm-sudan-countrywide-mobility-update-21-bi-weekly,Conflict
193420,Sudan,SDN,11.26541,26.43845,"[11.26541, 26.43845]",Recommended figure,Conflict,total,850,2025-08-26,2025-07-30,2025-08-26,2025,30948,Sudan: Non-International armed conflict (NIAC) - Countrywide - 2025,,,2025-01-01,2025-12-31,,,,,,IOM Displacement Tracking Matrix (IOM DTM),https://dtm.iom.int/datasets/dtm-sudan-countrywide-mobility-update-21-bi-weekly,"East Darfur State, Sudan","11.26541, 26.43845",State/Region/Province (ADM1),Destination,Displacement without preventive evacuations reported,2025-09-25T09:52:28.033616Z,"Sudan: 850 displacements, 30 July - 26 August. A total of 850 people were displaced due to Non-International Armed Conflict (NIAC) between 29 July and 26 August 2025 in East Darfur State, Sudan, according to IOM Displacement Tracking Matrix (IOM DTM).",https://dtm.iom.int/datasets/dtm-sudan-countrywide-mobility-update-21-bi-weekly,Conflict
193419,Sudan,SDN,12.12268,23.34705,"[12.12268, 23.34705]",Recommended figure,Conflict,total,2085,2025-08-26,2025-07-30,2025-08-26,2025,30948,Sudan: Non-International armed conflict (NIAC) - Countrywide - 2025,,,2025-01-01,2025-12-31,,,,,,IOM Displacement Tracking Matrix (IOM DTM),https://dtm.iom.int/datasets/dtm-sudan-countrywide-mobility-update-21-bi-weekly,"Central Darfur, Sudan","12.12268, 23.34705",State/Region/Province (ADM1),Destination,Displacement without preventive evacuations reported,2025-09-25T09:52:27.962160Z,"Sudan: 2,085 displacements, 30 July - 26 August. A total of 2085 people were displaced due to Non-International Armed Conflict (NIAC) between 29 July and 26 August 2025 in Central Darfur, Sudan, according to IOM Displacement Tracking Matrix (IOM DTM).",https://dtm.iom.int/datasets/dtm-sudan-countrywide-mobility-update-21-bi-weekly,Conflict
188587,Sudan,SDN,14.41693,29.46837,"[14.41693, 29.46837]",Recommended figure,Disaster,total,648,2025-07-28,2025-07-28,2025-07-28,2025,32274,Sudan: Flood - North Kordofan (Ar Rahad) - 28/07/2025,,,2025-07-28,2025-07-28,Weather related,Hydrological,Flood,Flood,,IOM Displacement Tracking Matrix (IOM DTM),https://mailchi.mp/iom/dtm-sudan-flash-alert-flooding-in-ar-rahad-fangoga-alshargia-village-north-kordofan-update-001?e=b699c75958,"North Kordofan State, Sudan","14.41693, 29.46837",State/Region/Province (ADM1),Origin,,2025-07-29T14:40:30.803012Z,"Sudan: 648 displacements (destroyed housing), 28 July - 28 July. A total of 110 households were displaced due to destroyed housing due to flood on 28 July in North Kordofan State, Sudan, according to IOM Displacement Tracking Matrix (IOM DTM).",https://mailchi.mp/iom/dtm-sudan-flash-alert-flooding-in-ar-rahad-fangoga-alshargia-village-north-kordofan-update-001?e=b699c75958,Flood
187789,Sudan,SDN,13.31498272785592,25.38544497879448,"[13.31498272785592, 25.38544497879448]",Recommended figure,Disaster,total,512,2025-07-15,2025-07-14,2025-07-15,2025,32164,Sudan: Flood - North Darfur (Dar as Salam) - 14/07/2025,,,2025-07-14,2025-07-15,Weather related,Hydrological,Flood,Flood,,IOM DTM Mozambique,https://mailchi.mp/iom/dtm-sudan-flash-alert-flooding-in-dar-as-salam-dar-as-salam-town-north-darfur-update-001?e=b699c75958,"Al Fasher, North Darfur State, Sudan","13.31498272785592, 25.38544497879448",County/City/town/Village/Woreda (ADM3),Origin,,2025-07-16T16:51:13.811521Z,"Sudan: 512 displacements (destroyed housing), 14 July - 15 July. According to IOM DTM Mozambique, a total of 87 households were displaced due to destroyed housing in Al Fasher, North Darfur State, Sudan due to flood on 14 July",https://mailchi.mp/iom/dtm-sudan-flash-alert-flooding-in-dar-as-salam-dar-as-salam-town-north-darfur-update-001?e=b699c75958,Flood
192444,Sudan,SDN,11.75228,28.204599,"[11.75228, 28.204599]",Recommended figure,Conflict,total,7687,2025-07-29,2025-06-25,2025-07-29,2025,30948,Sudan: Non-International armed conflict (NIAC) - Countrywide - 2025,,,2025-01-01,2025-12-31,,,,,,IOM Displacement Tracking Matrix (IOM DTM),https://dtm.iom.int/datasets/dtm-sudan-countrywide-mobility-update-20-bi-weekly,"West Kurdufan, Sudan","11.75228, 28.204599",State/Region/Province (ADM1),Destination,Displacement without preventive evacuations reported,2025-09-14T10:47:44.816987Z,"Sudan: 7,687 displacements, 25 June - 29 July. A total of 7687 people were displaced due to Non-International Armed Conflict (NIAC) between 25 June and 29 July 2025 in West Kurdufan, Sudan, according to IOM Displacement Tracking Matrix (IOM DTM).",https://dtm.iom.int/datasets/dtm-sudan-countrywide-mobility-update-20-bi-weekly,Conflict
192442,Sudan,SDN,11.22641,30.913931,"[11.22641, 30.913931]",Recommended figure,Conflict,total,2675,2025-07-29,2025-06-25,2025-07-29,2025,30948,Sudan: Non-International armed conflict (NIAC) - Countrywide - 2025,,,2025-01-01,2025-12-31,,,,,,IOM Displacement Tracking Matrix (IOM DTM),https://dtm.iom.int/datasets/dtm-sudan-countrywide-mobility-update-20-bi-weekly,"South Kordofan State, Sudan","11.22641, 30.913931",State/Region/Province (ADM1),Destination,Displacement without preventive evacuations reported,2025-09-14T10:47:44.691781Z,"Sudan: 2,675 displacements, 25 June - 29 July. A total of 2675 people were displaced due to Non-International Armed Conflict (NIAC) between 25 June and 29 July 2025 in South Kordofan State, Sudan, according to IOM Displacement Tracking Matrix (IOM DTM).",https://dtm.iom.int/datasets/dtm-sudan-countrywide-mobility-update-20-bi-weekly,Conflict
192437,Sudan,SDN,15.55177,32.53241,"[15.55177, 32.53241]",Recommended figure,Conflict,total,89142,2025-07-29,2025-06-25,2025-07-29,2025,30948,Sudan: Non-International armed conflict (NIAC) - Countrywide - 2025,,,2025-01-01,2025-12-31,,,,,,IOM Displacement Tracking Matrix (IOM DTM),https://dtm.iom.int/datasets/dtm-sudan-countrywide-mobility-update-20-bi-weekly,"Khartoum, Sudan","15.55177, 32.53241",State/Region/Province (ADM1),Destination,Displacement without preventive evacuations reported,2025-09-14T10:47:44.407282Z,"Sudan: 89,142 displacements, 25 June - 29 July. A total of 89142 people were displaced due to Non-International Armed Conflict (NIAC) between 25 June and 29 July 2025 in Khartoum, Sudan, according to IOM Displacement Tracking Matrix (IOM DTM).",https://dtm.iom.int/datasets/dtm-sudan-countrywide-mobility-update-20-bi-weekly,Conflict
192438,Sudan,SDN,15.84944,25.504379,"[15.84944, 25.504379]",Recommended figure,Conflict,total,14404,2025-07-29,2025-06-25,2025-07-29,2025,30948,Sudan: Non-International armed conflict (NIAC) - Countrywide - 2025,,,2025-01-01,2025-12-31,,,,,,IOM Displacement Tracking Matrix (IOM DTM),https://dtm.iom.int/datasets/dtm-sudan-countrywide-mobility-update-20-bi-weekly,"North Darfur State, Sudan","15.84944, 25.504379",State/Region/Province (ADM1),Destination,Displacement without preventive evacuations reported,2025-09-14T10:47:44.465878Z,"Sudan: 14,404 displacements, 25 June - 29 July. A total of 14404 people were displaced due to Non-International Armed Conflict (NIAC) between 25 June and 29 July 2025 in North Darfur State, Sudan, according to IOM Displacement Tracking Matrix (IOM DTM).",https://dtm.iom.int/datasets/dtm-sudan-countrywide-mobility-update-20-bi-weekly,Conflict
192440,Sudan,SDN,20.0,36.0,"[20, 36]",Recommended figure,Conflict,total,10,2025-07-29,2025-06-25,2025-07-29,2025,30948,Sudan: Non-International armed conflict (NIAC) - Countrywide - 2025,,,2025-01-01,2025-12-31,,,,,,IOM Displacement Tracking Matrix (IOM DTM),https://dtm.iom.int/datasets/dtm-sudan-countrywide-mobility-update-20-bi-weekly,"Red Sea State, Sudan","20, 36",State/Region/Province (ADM1),Destination,Displacement without preventive evacuations reported,2025-09-14T10:47:44.578136Z,"Sudan: 10 displacements, 25 June - 29 July. A total of 10 people were displaced due to Non-International Armed Conflict (NIAC) between 25 June and 29 July 2025 in Red Sea State, Sudan, according to IOM Displacement Tracking Matrix (IOM DTM).",https://dtm.iom.int/datasets/dtm-sudan-countrywide-mobility-update-20-bi-weekly,Conflict
192445,Sudan,SDN,13.60607,32.315361,"[13.60607, 32.315361]",Recommended figure,Conflict,total,2946,2025-07-29,2025-06-25,2025-07-29,2025,30948,Sudan: Non-International armed conflict (NIAC) - Countrywide - 2025,,,2025-01-01,2025-12-31,,,,,,IOM Displacement Tracking Matrix (IOM DTM),https://dtm.iom.int/datasets/dtm-sudan-countrywide-mobility-update-20-bi-weekly,"White Nile State, Sudan","13.60607, 32.315361",State/Region/Province (ADM1),Destination,Displacement without preventive evacuations reported,2025-09-14T10:47:44.875087Z,"Sudan: 2,946 displacements, 25 June - 29 July. A total of 2946 people were displaced due to Non-International Armed Conflict (NIAC) between 25 June and 29 July 2025 in White Nile State, Sudan, according to IOM Displacement Tracking Matrix (IOM DTM).",https://dtm.iom.int/datasets/dtm-sudan-countrywide-mobility-update-20-bi-weekly,Conflict
192439,Sudan,SDN,14.41693,29.46837,"[14.41693, 29.46837]",Recommended figure,Conflict,total,5122,2025-07-29,2025-06-25,2025-07-29,2025,30948,Sudan: Non-International armed conflict (NIAC) - Countrywide - 2025,,,2025-01-01,2025-12-31,,,,,,IOM Displacement Tracking Matrix (IOM DTM),https://dtm.iom.int/datasets/dtm-sudan-countrywide-mobility-update-20-bi-weekly,"North Kordofan State, Sudan","14.41693, 29.46837",State/Region/Province (ADM1),Destination,Displacement without preventive evacuations reported,2025-09-14T10:47:44.521803Z,"Sudan: 5,122 displacements, 25 June - 29 July. A total of 5122 people were displaced due to Non-International Armed Conflict (NIAC) between 25 June and 29 July 2025 in North Kordofan State, Sudan, according to IOM Displacement Tracking Matrix (IOM DTM).",https://dtm.iom.int/datasets/dtm-sudan-countrywide-mobility-update-20-bi-weekly,Conflict
192436,Sudan,SDN,11.26541,26.43845,"[11.26541, 26.43845]",Recommended figure,Conflict,total,615,2025-07-29,2025-06-25,2025-07-29,2025,30948,Sudan: Non-International armed conflict (NIAC) - Countrywide - 2025,,,2025-01-01,2025-12-31,,,,,,IOM Displacement Tracking Matrix (IOM DTM),https://dtm.iom.int/datasets/dtm-sudan-countrywide-mobility-update-20-bi-weekly,"East Darfur State, Sudan","11.26541, 26.43845",State/Region/Province (ADM1),Destination,Displacement without preventive evacuations reported,2025-09-14T10:47:44.340031Z,"Sudan: 615 displacements, 25 June - 29 July. A total of 615 people were displaced due to Non-International Armed Conflict (NIAC) between 25 June and 29 July 2025 in East Darfur State, Sudan, according to IOM Displacement Tracking Matrix (IOM DTM).",https://dtm.iom.int/datasets/dtm-sudan-countrywide-mobility-update-20-bi-weekly,Conflict
192443,Sudan,SDN,13.83071,22.81534,"[13.83071, 22.81534]",Recommended figure,Conflict,total,10970,2025-07-29,2025-06-25,2025-07-29,2025,30948,Sudan: Non-International armed conflict (NIAC) - Countrywide - 2025,,,2025-01-01,2025-12-31,,,,,,IOM Displacement Tracking Matrix (IOM DTM),https://dtm.iom.int/datasets/dtm-sudan-countrywide-mobility-update-20-bi-weekly,"وادي درام, West Darfur State, Sudan","13.83071, 22.81534",State/Region/Province (ADM1),Destination,Displacement without preventive evacuations reported,2025-09-14T10:47:44.758333Z,"Sudan: 10,970 displacements, 25 June - 29 July. A total of 10970 people were displaced due to Non-International Armed Conflict (NIAC) between 25 June and 29 July 2025 in West Darfur State, Sudan, according to IOM Displacement Tracking Matrix (IOM DTM).",https://dtm.iom.int/datasets/dtm-sudan-countrywide-mobility-update-20-bi-weekly,Conflict
192441,Sudan,SDN,11.40799,24.704559,"[11.40799, 24.704559]",Recommended figure,Conflict,total,350,2025-07-29,2025-06-25,2025-07-29,2025,30948,Sudan: Non-International armed conflict (NIAC) - Countrywide - 2025,,,2025-01-01,2025-12-31,,,,,,IOM Displacement Tracking Matrix (IOM DTM),https://dtm.iom.int/datasets/dtm-sudan-countrywide-mobility-update-20-bi-weekly,"South Darfur State, Sudan","11.40799, 24.704559",State/Region/Province (ADM1),Destination,Displacement without preventive evacuations reported,2025-09-14T10:47:44.634652Z,"Sudan: 350 displacements, 25 June - 29 July. A total of 350 people were displaced due to Non-International Armed Conflict (NIAC) between 25 June and 29 July 2025 in South Darfur State, Sudan, according to IOM Displacement Tracking Matrix (IOM DTM).",https://dtm.iom.int/datasets/dtm-sudan-countrywide-mobility-update-20-bi-weekly,Conflict
192435,Sudan,SDN,12.12268,23.34705,"[12.12268, 23.34705]",Recommended figure,Conflict,total,4960,2025-07-29,2025-06-25,2025-07-29,2025,30948,Sudan: Non-International armed conflict (NIAC) - Countrywide - 2025,,,2025-01-01,2025-12-31,,,,,,IOM Displacement Tracking Matrix (IOM DTM),https://dtm.iom.int/datasets/dtm-sudan-countrywide-mobility-update-20-bi-weekly,"Central Darfur, Sudan","12.12268, 23.34705",State/Region/Province (ADM1),Destination,Displacement without preventive evacuations reported,2025-09-14T10:43:03.821378Z,"Sudan: 4,960 displacements, 25 June - 29 July. A total of 4960 people were displaced due to Non-International Armed Conflict (NIAC) between 25 June and 29 July 2025 in Central Darfur, Sudan, according to IOM Displacement Tracking Matrix (IOM DTM).",https://dtm.iom.int/datasets/dtm-sudan-countrywide-mobility-update-20-bi-weekly,Conflict
192434,Sudan,SDN,14.66715,33.222359,"[14.66715, 33.222359]",Recommended figure,Conflict,total,2705,2025-07-29,2025-06-25,2025-07-29,2025,30948,Sudan: Non-International armed conflict (NIAC) - Countrywide - 2025,,,2025-01-01,2025-12-31,,,,,,IOM Displacement Tracking Matrix (IOM DTM),https://dtm.iom.int/datasets/dtm-sudan-countrywide-mobility-update-20-bi-weekly,"Al Jazirah, Sudan","14.66715, 33.222359",State/Region/Province (ADM1),Destination,Displacement without preventive evacuations reported,2025-09-14T10:43:03.768572Z,"Sudan: 2,705 displacements, 25 June - 29 July. A total of 2705 people were displaced due to Non-International Armed Conflict (NIAC) between 25 June and 29 July 2025 in Al Jazirah, Sudan, according to IOM Displacement Tracking Matrix (IOM DTM).",https://dtm.iom.int/datasets/dtm-sudan-countrywide-mobility-update-20-bi-weekly,Conflict
187476,Sudan,SDN,11.22641,30.913931,"[11.22641, 30.913931]",Recommended figure,Conflict,total,2400,2025-06-25,2025-05-29,2025-06-25,2025,30948,Sudan: Non-International armed conflict (NIAC) - Countrywide - 2025,,,2025-01-01,2025-12-31,,,,,,IOM Displacement Tracking Matrix (IOM DTM),https://dtm.iom.int/sudan,"South Kordofan State, Sudan","11.22641, 30.913931",State/Region/Province (ADM1),Origin,Displacement without preventive evacuations reported,2025-07-11T15:24:00.394014Z,"Sudan: 2,400 displacements, 29 May - 25 June. Non-international armed conflict (niac) resulted in a total of 2400 people being displaced in South Kordofan State, Sudan between 29 May and 25 June, according to IOM Displacement Tracking Matrix (IOM DTM).",https://dtm.iom.int/sudan,Conflict
187477,Sudan,SDN,13.51222,22.690571,"[13.51222, 22.690571]",Recommended figure,Conflict,total,7960,2025-06-25,2025-05-29,2025-06-25,2025,30948,Sudan: Non-International armed conflict (NIAC) - Countrywide - 2025,,,2025-01-01,2025-12-31,,,,,,IOM Displacement Tracking Matrix (IOM DTM),https://dtm.iom.int/sudan,"West Darfur State, Sudan","13.51222, 22.690571",State/Region/Province (ADM1),Origin,Displacement without preventive evacuations reported,2025-07-11T15:24:00.435132Z,"Sudan: 7,960 displacements, 29 May - 25 June. According to IOM Displacement Tracking Matrix (IOM DTM), a total of 7960 people were displaced in West Darfur State, Sudan due to non-international armed conflict (niac) between 29 May and 25 June",https://dtm.iom.int/sudan,Conflict
187465,Sudan,SDN,11.26541,26.43845,"[11.26541, 26.43845]",Recommended figure,Conflict,total,100,2025-06-25,2025-05-29,2025-06-25,2025,30948,Sudan: Non-International armed conflict (NIAC) - Countrywide - 2025,,,2025-01-01,2025-12-31,,,,,,IOM Displacement Tracking Matrix (IOM DTM),https://dtm.iom.int/sudan,"East Darfur State, Sudan","11.26541, 26.43845",State/Region/Province (ADM1),Origin,Displacement without preventive evacuations reported,2025-07-11T15:16:47.475309Z,"Sudan: 100 displacements, 29 May - 25 June. According to IOM Displacement Tracking Matrix (IOM DTM), a total of 100 people were displaced in East Darfur State, Sudan due to non-international armed conflict (niac) between 29 May and 25 June",https://dtm.iom.int/sudan,Conflict
187468,Sudan,SDN,15.93796,33.13726,"[15.93796, 33.13726]",Recommended figure,Conflict,total,82044,2025-06-25,2025-05-29,2025-06-25,2025,30948,Sudan: Non-International armed conflict (NIAC) - Countrywide - 2025,,,2025-01-01,2025-12-31,,,,,,IOM Displacement Tracking Matrix (IOM DTM),https://dtm.iom.int/sudan,"Khartoum State, Sudan","15.93796, 33.13726",State/Region/Province (ADM1),Origin,Displacement without preventive evacuations reported,2025-07-11T15:19:56.813974Z,"Sudan: 82,044 displacements, 29 May - 25 June. A total of 82044 people were displaced due to non-international armed conflict (niac) between 29 May and 25 June in Khartoum State, Sudan, according to IOM Displacement Tracking Matrix (IOM DTM).",https://dtm.iom.int/sudan,Conflict
187469,Sudan,SDN,15.84944,25.504379,"[15.84944, 25.504379]",Recommended figure,Conflict,total,7426,2025-06-25,2025-05-29,2025-06-25,2025,30948,Sudan: Non-International armed conflict (NIAC) - Countrywide - 2025,,,2025-01-01,2025-12-31,,,,,,IOM Displacement Tracking Matrix (IOM DTM),https://dtm.iom.int/sudan,"North Darfur State, Sudan","15.84944, 25.504379",State/Region/Province (ADM1),Origin,Displacement without preventive evacuations reported,2025-07-11T15:19:56.876883Z,"Sudan: 7,426 displacements, 29 May - 25 June. Non-international armed conflict (niac) resulted in a total of 7426 people being displaced in North Darfur State, Sudan between 29 May and 25 June, according to IOM Displacement Tracking Matrix (IOM DTM).",https://dtm.iom.int/sudan,Conflict
187470,Sudan,SDN,14.41693,29.46837,"[14.41693, 29.46837]",Recommended figure,Conflict,total,11418,2025-06-25,2025-05-29,2025-06-25,2025,30948,Sudan: Non-International armed conflict (NIAC) - Countrywide - 2025,,,2025-01-01,2025-12-31,,,,,,IOM Displacement Tracking Matrix (IOM DTM),https://dtm.iom.int/sudan,"North Kordofan State, Sudan","14.41693, 29.46837",State/Region/Province (ADM1),Origin,Displacement without preventive evacuations reported,2025-07-11T15:19:56.933111Z,"Sudan: 11,418 displacements, 29 May - 25 June. Non-international armed conflict (niac) resulted in a total of 11418 people being displaced in North Kordofan State, Sudan between 29 May and 25 June, according to IOM Displacement Tracking Matrix (IOM DTM).",https://dtm.iom.int/sudan,Conflict
187471,Sudan,SDN,19.0,30.0,"[19, 30]",Recommended figure,Conflict,total,172,2025-06-25,2025-05-29,2025-06-25,2025,30948,Sudan: Non-International armed conflict (NIAC) - Countrywide - 2025,,,2025-01-01,2025-12-31,,,,,,IOM Displacement Tracking Matrix (IOM DTM),https://dtm.iom.int/sudan,"Northern State, Sudan","19, 30",State/Region/Province (ADM1),Origin,Displacement without preventive evacuations reported,2025-07-11T15:19:56.991220Z,"Sudan: 172 displacements, 29 May - 25 June. Non-international armed conflict (niac) resulted in a total of 172 people being displaced in (Location) between 29 May and 25 June, according to IOM Displacement Tracking Matrix (IOM DTM).",https://dtm.iom.int/sudan,Conflict
187474,Sudan,SDN,20.0,36.0,"[20, 36]",Recommended figure,Conflict,total,69,2025-06-25,2025-05-29,2025-06-25,2025,30948,Sudan: Non-International armed conflict (NIAC) - Countrywide - 2025,,,2025-01-01,2025-12-31,,,,,,IOM Displacement Tracking Matrix (IOM DTM),https://dtm.iom.int/sudan,"Red Sea State, Sudan","20, 36",State/Region/Province (ADM1),Origin,Displacement without preventive evacuations reported,2025-07-11T15:24:00.299290Z,"Sudan: 69 displacements, 29 May - 25 June. According to IOM Displacement Tracking Matrix (IOM DTM), a total of 69 people were displaced in Red Sea State, Sudan due to non-international armed conflict (niac) between 29 May and 25 June",https://dtm.iom.int/sudan,Conflict
187479,Sudan,SDN,12.5,32.5,"[12.5, 32.5]",Recommended figure,Conflict,total,5746,2025-06-25,2025-05-29,2025-06-25,2025,30948,Sudan: Non-International armed conflict (NIAC) - Countrywide - 2025,,,2025-01-01,2025-12-31,,,,,,IOM Displacement Tracking Matrix (IOM DTM),https://dtm.iom.int/sudan,"White Nile State, Sudan","12.5, 32.5",State/Region/Province (ADM1),Origin,Displacement without preventive evacuations reported,2025-07-11T15:24:00.519215Z,"Sudan: 5,746 displacements, 29 May - 25 June. Non-international armed conflict (niac) resulted in a total of 5746 people being displaced in White Nile State, Sudan between 29 May and 25 June, according to IOM Displacement Tracking Matrix (IOM DTM).",https://dtm.iom.int/sudan,Conflict
187475,Sudan,SDN,11.40799,24.704559,"[11.40799, 24.704559]",Recommended figure,Conflict,total,452,2025-06-25,2025-05-29,2025-06-25,2025,30948,Sudan: Non-International armed conflict (NIAC) - Countrywide - 2025,,,2025-01-01,2025-12-31,,,,,,IOM Displacement Tracking Matrix (IOM DTM),https://dtm.iom.int/sudan,"South Darfur State, Sudan","11.40799, 24.704559",State/Region/Province (ADM1),Origin,Displacement without preventive evacuations reported,2025-07-11T15:24:00.352298Z,"Sudan: 452 displacements, 29 May - 25 June. According to IOM Displacement Tracking Matrix (IOM DTM), a total of 452 people were displaced in South Darfur State, Sudan due to non-international armed conflict (niac) between 29 May and 25 June",https://dtm.iom.int/sudan,Conflict
187478,Sudan,SDN,11.75228,28.204599,"[11.75228, 28.204599]",Recommended figure,Conflict,total,4502,2025-06-25,2025-05-29,2025-06-25,2025,30948,Sudan: Non-International armed conflict (NIAC) - Countrywide - 2025,,,2025-01-01,2025-12-31,,,,,,IOM Displacement Tracking Matrix (IOM DTM),https://dtm.iom.int/sudan,"West Kurdufan, Sudan","11.75228, 28.204599",State/Region/Province (ADM1),Origin,Displacement without preventive evacuations reported,2025-07-11T15:24:00.476905Z,"Sudan: 4,502 displacements, 29 May - 25 June. Non-international armed conflict (niac) resulted in a total of 4502 people being displaced in West Kurdufan, Sudan between 29 May and 25 June, according to IOM Displacement Tracking Matrix (IOM DTM).",https://dtm.iom.int/sudan,Conflict
187458,Sudan,SDN,14.66715,33.222359,"[14.66715, 33.222359]",Recommended figure,Conflict,total,27058,2025-06-25,2025-05-29,2025-06-25,2025,30948,Sudan: Non-International armed conflict (NIAC) - Countrywide - 2025,,,2025-01-01,2025-12-31,,,,,,IOM Displacement Tracking Matrix (IOM DTM),https://dtm.iom.int/sudan,"Al Jazirah, Sudan","14.66715, 33.222359",State/Region/Province (ADM1),Origin,Displacement without preventive evacuations reported,2025-07-11T15:12:31.845769Z,"Sudan: 27,058 displacements, 29 May - 25 June. A total of 27058 people were displaced due to non-international armed conflict (niac) between 29 May and 25 June in Al Jazirah, Sudan, according to IOM Displacement Tracking Matrix (IOM DTM).",https://dtm.iom.int/sudan,Conflict
187463,Sudan,SDN,11.9567,34.12289,"[11.9567, 34.12289]",Recommended figure,Conflict,total,19385,2025-06-25,2025-05-29,2025-06-25,2025,30948,Sudan: Non-International armed conflict (NIAC) - Countrywide - 2025,,,2025-01-01,2025-12-31,,,,,,IOM Displacement Tracking Matrix (IOM DTM),https://dtm.iom.int/sudan,"Blue Nile State, Sudan","11.9567, 34.12289",State/Region/Province (ADM1),Origin,Displacement without preventive evacuations reported,2025-07-11T15:16:46.840412Z,"Sudan: 19,385 displacements, 29 May - 25 June. Non-international armed conflict (niac) resulted in a total of 19385 people being displaced in Blue Nile State, Sudan between 29 May and 25 June, according to IOM Displacement Tracking Matrix (IOM DTM).",https://dtm.iom.int/sudan,Conflict
187464,Sudan,SDN,12.12268,23.34705,"[12.12268, 23.34705]",Recommended figure,Conflict,total,21150,2025-06-25,2025-05-29,2025-06-25,2025,30948,Sudan: Non-International armed conflict (NIAC) - Countrywide - 2025,,,2025-01-01,2025-12-31,,,,,,IOM Displacement Tracking Matrix (IOM DTM),https://dtm.iom.int/sudan,"Central Darfur, Sudan","12.12268, 23.34705",State/Region/Province (ADM1),Origin,Displacement without preventive evacuations reported,2025-07-11T15:16:46.908305Z,"Sudan: 21,150 displacements, 29 May - 25 June. According to IOM Displacement Tracking Matrix (IOM DTM), a total of 21150 people were displaced in Central Darfur, Sudan due to non-international armed conflict (niac) between 29 May and 25 June.",https://dtm.iom.int/sudan,Conflict
